[
  {
    "id": "mlqk2702-hafvnw",
    "name": "test1",
    "groupname": "test 2",
    "avatar": "{\"initials\":\"T\",\"color\":\"hsl(137 60% 45%)\"}",
    "text": "asdasdasd",
    "file": "null",
    "ts": 1771329854450
  },
  {
    "id": "mlqk36bx-2vgzqx",
    "name": "Anonymous",
    "groupname": "",
    "avatar": "{}",
    "text": "asdasd",
    "file": "null",
    "ts": 1771329900237
  },
  {
    "id": "mlqk3fi9-ip13x4",
    "name": "Anonymous",
    "groupname": "",
    "avatar": "{}",
    "text": "sdfsdfsdf",
    "file": "null",
    "ts": 1771329912129
  },
  {
    "id": "mlqk3iyh-oxe3kh",
    "name": "sadfs",
    "groupname": "fsdfgsdf",
    "avatar": "{\"initials\":\"S\",\"color\":\"hsl(169 60% 45%)\"}",
    "text": "sdfsdfsdf",
    "file": "null",
    "ts": 1771329916601
  },
  {
    "id": "mlqk4am1-40cj12",
    "name": "sadfs",
    "groupname": "fsdfgsdf",
    "avatar": "{\"initials\":\"S\",\"color\":\"hsl(169 60% 45%)\"}",
    "text": "asdasdas",
    "file": "null",
    "ts": 1771329952441
  },
  {
    "id": "mlqk4co9-3daiub",
    "name": "Anonymous",
    "groupname": "",
    "avatar": "{}",
    "text": "asdasd",
    "file": "null",
    "ts": 1771329955113
  },
  {
    "id": "mlqk4gjl-photk7",
    "name": "Anonymous",
    "groupname": "",
    "avatar": "{}",
    "text": "asdasd",
    "file": "null",
    "ts": 1771329960129
  },
  {
    "id": "mlqk4ibk-lveq80",
    "name": "sadfs",
    "groupname": "fsdfgsdf",
    "avatar": "{\"initials\":\"S\",\"color\":\"hsl(169 60% 45%)\"}",
    "text": "asdasd",
    "file": "null",
    "ts": 1771329962432
  },
  {
    "id": "mlqk4u88-n6pzuf",
    "name": "asda",
    "groupname": "asdasdas",
    "avatar": "{\"initials\":\"A\",\"color\":\"hsl(49 60% 45%)\"}",
    "text": "asdasdasd",
    "file": "null",
    "ts": 1771329977865
  },
  {
    "id": "mlqk4vw1-dwj2if",
    "name": "asdasdasd",
    "groupname": "ddd",
    "avatar": "{\"initials\":\"A\",\"color\":\"hsl(216 60% 45%)\"}",
    "text": "asdasdasd",
    "file": "null",
    "ts": 1771329980017
  },
  {
    "id": "mlqk55jl-2wt54i",
    "name": "asdasdasd",
    "groupname": "ddd",
    "avatar": "{\"initials\":\"A\",\"color\":\"hsl(216 60% 45%)\"}",
    "text": "",
    "file": "{\"url\":\"/uploads/1771329992521-x3py7h2.mp3\",\"mime\":\"audio/mpeg\",\"originalName\":\"Cell Phone Ringing - Sound Effect.mp3\"}",
    "ts": 1771329992529
  },
  {
    "id": "mlqk5go8-a4owmg",
    "name": "asda",
    "groupname": "asdasdas",
    "avatar": "{\"initials\":\"A\",\"color\":\"hsl(49 60% 45%)\"}",
    "text": "asdasdas",
    "file": "null",
    "ts": 1771330006952
  },
  {
    "id": "mlqk5h20-cpl32k",
    "name": "asda",
    "groupname": "asdasdas",
    "avatar": "{\"initials\":\"A\",\"color\":\"hsl(49 60% 45%)\"}",
    "text": "",
    "file": "null",
    "ts": 1771330007448
  },
  {
    "id": "mlqk5igg-kk4udj",
    "name": "asda",
    "groupname": "asdasdas",
    "avatar": "{\"initials\":\"A\",\"color\":\"hsl(49 60% 45%)\"}",
    "text": "asdasdsad",
    "file": "null",
    "ts": 1771330009264
  },
  {
    "id": "mlqk5iog-0z70lu",
    "name": "asda",
    "groupname": "asdasdas",
    "avatar": "{\"initials\":\"A\",\"color\":\"hsl(49 60% 45%)\"}",
    "text": "asdas",
    "file": "null",
    "ts": 1771330009552
  },
  {
    "id": "mlqk5iy8-8ascvt",
    "name": "asda",
    "groupname": "asdasdas",
    "avatar": "{\"initials\":\"A\",\"color\":\"hsl(49 60% 45%)\"}",
    "text": "dsad",
    "file": "null",
    "ts": 1771330009904
  },
  {
    "id": "mlqk5j40-9yt5ku",
    "name": "asda",
    "groupname": "asdasdas",
    "avatar": "{\"initials\":\"A\",\"color\":\"hsl(49 60% 45%)\"}",
    "text": "sad",
    "file": "null",
    "ts": 1771330010112
  },
  {
    "id": "mlqk5lzs-2rcs46",
    "name": "asdasdasd",
    "groupname": "ddd",
    "avatar": "{\"initials\":\"A\",\"color\":\"hsl(216 60% 45%)\"}",
    "text": "nice",
    "file": "null",
    "ts": 1771330013848
  },
  {
    "id": "mlqkbcok-nypb0z",
    "name": "asdasd",
    "groupname": "asdasd",
    "avatar": "{\"initials\":\"A\",\"color\":\"hsl(264 60% 45%)\"}",
    "text": "asdasd",
    "file": "null",
    "reactions": "{}",
    "ts": 1771330281716
  },
  {
    "id": "mlqkbmjz-6o5yex",
    "name": "adasd",
    "groupname": "dasdasd",
    "avatar": "{\"initials\":\"A\",\"color\":\"hsl(149 60% 45%)\"}",
    "text": "asdadasd",
    "file": "null",
    "reactions": "{}",
    "ts": 1771330294511
  },
  {
    "id": "mlqkbojk-k01w4o",
    "name": "asdasd",
    "groupname": "asdasd",
    "avatar": "{\"initials\":\"A\",\"color\":\"hsl(264 60% 45%)\"}",
    "text": "asdasd",
    "file": "null",
    "reactions": "{}",
    "ts": 1771330297088
  },
  {
    "id": "mlqkbp6v-2zlkmd",
    "name": "asdasd",
    "groupname": "asdasd",
    "avatar": "{\"initials\":\"A\",\"color\":\"hsl(264 60% 45%)\"}",
    "text": "",
    "file": "null",
    "reactions": "{}",
    "ts": 1771330297927
  },
  {
    "id": "mlqkbr5b-eaflyl",
    "name": "asdasd",
    "groupname": "asdasd",
    "avatar": "{\"initials\":\"A\",\"color\":\"hsl(264 60% 45%)\"}",
    "text": "sadasd",
    "file": "null",
    "reactions": "{}",
    "ts": 1771330300463
  },
  {
    "id": "mlqkbri7-sxf30p",
    "name": "asdasd",
    "groupname": "asdasd",
    "avatar": "{\"initials\":\"A\",\"color\":\"hsl(264 60% 45%)\"}",
    "text": "",
    "file": "null",
    "reactions": "{}",
    "ts": 1771330300927
  },
  {
    "id": "mlqkbrrb-ffoc02",
    "name": "asdasd",
    "groupname": "asdasd",
    "avatar": "{\"initials\":\"A\",\"color\":\"hsl(264 60% 45%)\"}",
    "text": "",
    "file": "null",
    "reactions": "{}",
    "ts": 1771330301255
  },
  {
    "id": "mlqkbs6f-bk78yn",
    "name": "asdasd",
    "groupname": "asdasd",
    "avatar": "{\"initials\":\"A\",\"color\":\"hsl(264 60% 45%)\"}",
    "text": "",
    "file": "null",
    "reactions": "{}",
    "ts": 1771330301799
  },
  {
    "id": "mlqkbsh3-131h40",
    "name": "asdasd",
    "groupname": "asdasd",
    "avatar": "{\"initials\":\"A\",\"color\":\"hsl(264 60% 45%)\"}",
    "text": "",
    "file": "null",
    "reactions": "{}",
    "ts": 1771330302183
  },
  {
    "id": "mlqkbsmv-mml03a",
    "name": "asdasd",
    "groupname": "asdasd",
    "avatar": "{\"initials\":\"A\",\"color\":\"hsl(264 60% 45%)\"}",
    "text": "",
    "file": "null",
    "reactions": "{}",
    "ts": 1771330302391
  },
  {
    "id": "mlqkbstb-10ezct",
    "name": "asdasd",
    "groupname": "asdasd",
    "avatar": "{\"initials\":\"A\",\"color\":\"hsl(264 60% 45%)\"}",
    "text": "",
    "file": "null",
    "reactions": "{}",
    "ts": 1771330302623
  },
  {
    "id": "mlqkbvr3-7uqkzz",
    "name": "adasd",
    "groupname": "dasdasd",
    "avatar": "{\"initials\":\"A\",\"color\":\"hsl(149 60% 45%)\"}",
    "text": "",
    "file": "null",
    "reactions": "{}",
    "ts": 1771330306431
  },
  {
    "id": "mlqkbvy7-cb4d04",
    "name": "adasd",
    "groupname": "dasdasd",
    "avatar": "{\"initials\":\"A\",\"color\":\"hsl(149 60% 45%)\"}",
    "text": "",
    "file": "null",
    "reactions": "{}",
    "ts": 1771330306687
  },
  {
    "id": "mlqkeal4-36f4y0",
    "name": "user 2",
    "groupname": "user 2",
    "avatar": "{\"initials\":\"U2\",\"color\":\"hsl(169 60% 45%)\"}",
    "text": "asdasd",
    "file": "null",
    "reactions": "{}",
    "ts": 1771330418968
  },
  {
    "id": "mlqkecbr-x4868u",
    "name": "user1",
    "groupname": "user1",
    "avatar": "{\"initials\":\"U\",\"color\":\"hsl(136 60% 45%)\"}",
    "text": "asdasd",
    "file": "null",
    "reactions": "{}",
    "ts": 1771330421223
  },
  {
    "id": "mlqkh5t4-4y5soj",
    "name": "asdasd",
    "groupname": "dasd",
    "avatar": "{\"initials\":\"A\",\"color\":\"hsl(264 60% 45%)\"}",
    "text": "asdasdasd",
    "file": "null",
    "reactions": "{}",
    "ts": 1771330552744
  }
]